STATE,STATENAME,ST_CASE,PEDS,PERNOTMVIT,VE_TOTAL,VE_FORMS,PVH_INVL,PERSONS,PERMVIT,COUNTY,COUNTYNAME,CITY,CITYNAME,MONTH,MONTHNAME,DAY,DAYNAME,DAY_WEEK,DAY_WEEKNAME,YEAR,HOUR,HOURNAME,MINUTE,MINUTENAME,TWAY_ID,TWAY_ID2,ROUTE,ROUTENAME,RUR_URB,RUR_URBNAME,FUNC_SYS,FUNC_SYSNAME,RD_OWNER,RD_OWNERNAME,NHS,NHSNAME,SP_JUR,SP_JURNAME,MILEPT,MILEPTNAME,LATITUDE,LATITUDENAME,LONGITUD,LONGITUDNAME,HARM_EV,HARM_EVNAME,MAN_COLL,MAN_COLLNAME,RELJCT1,RELJCT1NAME,RELJCT2,RELJCT2NAME,TYP_INT,TYP_INTNAME,REL_ROAD,REL_ROADNAME,WRK_ZONE,WRK_ZONENAME,LGT_COND,LGT_CONDNAME,WEATHER,WEATHERNAME,SCH_BUS,SCH_BUSNAME,RAIL,RAILNAME,NOT_HOUR,NOT_HOURNAME,NOT_MIN,NOT_MINNAME,ARR_HOUR,ARR_HOURNAME,ARR_MIN,ARR_MINNAME,HOSP_HR,HOSP_HRNAME,HOSP_MN,HOSP_MNNAME,FATALS
40,Oklahoma,400113,0,0,1,1,0,1,1,41,DELAWARE (41),0,NOT APPLICABLE,4,April,10,10,1,Sunday,2022,18,6:00pm-6:59pm,7,7,US-412A,NA,2,US Highway,1,Rural,5,Major Collector,1,State Highway Agency,0,This section IS NOT on the NHS,0,No Special Jurisdiction,17,17,36.2197,36.2197,-94.9813,-94.9813,1,Rollover/Overturn,0,The First Harmful Event was Not a Collision with a Motor Vehicle in Transport,0,No,1,Non-Junction,1,Not an Intersection,2,On Shoulder,0,None,1,Daylight,10,Cloudy,0,No,0000000,Not Applicable,99,Unknown,98,Unknown if Notified,99,Unknown EMS Scene Arrival Hour,98,Unknown if Arrived,88,Not Applicable (Not Transported),88,Not Applicable (Not Transported),1
40,Oklahoma,400114,0,0,2,2,0,2,2,21,CHEROKEE (21),0,NOT APPLICABLE,4,April,14,14,5,Thursday,2022,20,8:00pm-8:59pm,5,5,CR-710,NA,4,County Road,1,Rural,5,Major Collector,2,County Highway Agency,0,This section IS NOT on the NHS,0,No Special Jurisdiction,0,None,35.9877,35.9877,-95.1495,-95.1495,12,Motor Vehicle In-Transport,2,Front-to-Front,0,No,1,Non-Junction,1,Not an Intersection,1,On Roadway,0,None,5,Dusk,1,Clear,0,No,0000000,Not Applicable,99,Unknown,99,Unknown,99,Unknown EMS Scene Arrival Hour,99,Unknown EMS Scene Arrival Minutes,99,Unknown,99,Unknown EMS Hospital Arrival Time,1
40,Oklahoma,400115,0,0,1,1,0,2,2,31,COMANCHE (31),0,NOT APPLICABLE,4,April,12,12,3,Tuesday,2022,9,9:00am-9:59am,56,56,SR-17,NA,3,State Highway,1,Rural,5,Major Collector,1,State Highway Agency,0,This section IS NOT on the NHS,0,No Special Jurisdiction,38,38,34.7626,34.7626,-98.2348,-98.2348,38,Fence,0,The First Harmful Event was Not a Collision with a Motor Vehicle in Transport,0,No,1,Non-Junction,1,Not an Intersection,4,On Roadside,0,None,1,Daylight,1,Clear,0,No,0000000,Not Applicable,99,Unknown,98,Unknown if Notified,99,Unknown EMS Scene Arrival Hour,98,Unknown if Arrived,88,Not Applicable (Not Transported),88,Not Applicable (Not Transported),1
40,Oklahoma,400116,0,0,1,1,0,2,2,103,NOBLE (103),0,NOT APPLICABLE,4,April,16,16,7,Saturday,2022,17,5:00pm-5:59pm,33,33,I-35,NA,1,Interstate,1,Rural,1,Interstate,1,State Highway Agency,1,This section IS ON the NHS,0,No Special Jurisdiction,0,None,36.5543,36.5543,-97.3454,-97.3454,1,Rollover/Overturn,0,The First Harmful Event was Not a Collision with a Motor Vehicle in Transport,0,No,1,Non-Junction,1,Not an Intersection,4,On Roadside,0,None,1,Daylight,1,Clear,0,No,0000000,Not Applicable,99,Unknown,98,Unknown if Notified,99,Unknown EMS Scene Arrival Hour,98,Unknown if Arrived,88,Not Applicable (Not Transported),88,Not Applicable (Not Transported),2
40,Oklahoma,400117,0,0,1,1,0,1,1,115,OTTAWA (115),0,NOT APPLICABLE,4,April,23,23,7,Saturday,2022,1,1:00am-1:59am,6,6,SR-69A,NA,3,State Highway,1,Rural,4,Minor Arterial,1,State Highway Agency,0,This section IS NOT on the NHS,0,No Special Jurisdiction,6,6,36.8794,36.8794,-94.8455,-94.8455,38,Fence,0,The First Harmful Event was Not a Collision with a Motor Vehicle in Transport,0,No,1,Non-Junction,1,Not an Intersection,5,Outside Trafficway,0,None,2,Dark - Not Lighted,1,Clear,0,No,0000000,Not Applicable,1,1:00am-1:59am,11,11,1,1:00am-1:59am,35,35,2,2:00am-2:59am,18,18,1
40,Oklahoma,400118,0,0,1,1,0,1,1,137,STEPHENS (137),0,NOT APPLICABLE,4,April,1,1,6,Friday,2022,14,2:00pm-2:59pm,45,45,SR-29,NA,3,State Highway,1,Rural,4,Minor Arterial,1,State Highway Agency,0,This section IS NOT on the NHS,0,No Special Jurisdiction,187,187,34.63769167,34.63769167,-97.63401389,-97.63401389,1,Rollover/Overturn,0,The First Harmful Event was Not a Collision with a Motor Vehicle in Transport,0,No,1,Non-Junction,1,Not an Intersection,4,On Roadside,0,None,1,Daylight,10,Cloudy,0,No,0000000,Not Applicable,99,Unknown,98,Unknown if Notified,99,Unknown EMS Scene Arrival Hour,98,Unknown if Arrived,88,Not Applicable (Not Transported),88,Not Applicable (Not Transported),1
40,Oklahoma,400119,1,1,1,1,0,1,1,27,CLEVELAND (27),3430,NORMAN,4,April,8,8,6,Friday,2022,22,10:00pm-10:59pm,54,54,I-35,NA,1,Interstate,2,Urban,1,Interstate,1,State Highway Agency,1,This section IS ON the NHS,0,No Special Jurisdiction,0,None,35.197,35.197,-97.4825,-97.4825,8,Pedestrian,0,The First Harmful Event was Not a Collision with a Motor Vehicle in Transport,0,No,1,Non-Junction,1,Not an Intersection,1,On Roadway,0,None,2,Dark - Not Lighted,1,Clear,0,No,0000000,Not Applicable,99,Unknown,98,Unknown if Notified,99,Unknown EMS Scene Arrival Hour,98,Unknown if Arrived,88,Not Applicable (Not Transported),88,Not Applicable (Not Transported),1
40,Oklahoma,400120,1,1,1,1,0,1,1,131,ROGERS (131),0,NOT APPLICABLE,4,April,18,18,2,Monday,2022,17,5:00pm-5:59pm,12,12,SR-20,NA,3,State Highway,1,Rural,4,Minor Arterial,1,State Highway Agency,0,This section IS NOT on the NHS,0,No Special Jurisdiction,98,98,36.3073,36.3073,-95.4413,-95.4413,8,Pedestrian,0,The First Harmful Event was Not a Collision with a Motor Vehicle in Transport,0,No,1,Non-Junction,1,Not an Intersection,1,On Roadway,0,None,1,Daylight,1,Clear,0,No,0000000,Not Applicable,99,Unknown,98,Unknown if Notified,99,Unknown EMS Scene Arrival Hour,98,Unknown if Arrived,88,Not Applicable (Not Transported),88,Not Applicable (Not Transported),1
40,Oklahoma,400121,0,0,2,2,0,3,3,143,TULSA (143),4780,TULSA,4,April,20,20,4,Wednesday,2022,8,8:00am-8:59am,0,0,E 46TH ST N,NA,6,Local Street - Municipality,2,Urban,4,Minor Arterial,4,City or Municipal Highway Agency,0,This section IS NOT on the NHS,0,No Special Jurisdiction,0,None,36.2205,36.2205,-95.9674,-95.9674,12,Motor Vehicle In-Transport,6,Angle,0,No,1,Non-Junction,1,Not an Intersection,1,On Roadway,0,None,1,Daylight,2,Rain,0,No,0000000,Not Applicable,8,8:00am-8:59am,3,3,8,8:00am-8:59am,14,14,8,8:00am-8:59am,49,49,1
40,Oklahoma,400122,0,0,2,2,0,2,2,143,TULSA (143),4780,TULSA,4,April,19,19,3,Tuesday,2022,13,1:00pm-1:59pm,47,47,US-64 E 167TH ST S,NA,2,US Highway,2,Urban,3,Principal Arterial - Other,1,State Highway Agency,0,This section IS NOT on the NHS,0,No Special Jurisdiction,0,None,35.9208,35.9208,-95.7983,-95.7983,12,Motor Vehicle In-Transport,6,Angle,0,No,8,Driveway Access Related,1,Not an Intersection,2,On Shoulder,0,None,1,Daylight,10,Cloudy,0,No,0000000,Not Applicable,99,Unknown,99,Unknown,99,Unknown EMS Scene Arrival Hour,99,Unknown EMS Scene Arrival Minutes,99,Unknown,99,Unknown EMS Hospital Arrival Time,2
40,Oklahoma,400123,0,0,1,1,0,1,1,51,GRADY (51),0,NOT APPLICABLE,4,April,30,30,7,Saturday,2022,21,9:00pm-9:59pm,45,45,US-62,NA,2,US Highway,1,Rural,4,Minor Arterial,1,State Highway Agency,0,This section IS NOT on the NHS,0,No Special Jurisdiction,104,104,35.1245,35.1245,-97.6732,-97.6732,34,Ditch,0,The First Harmful Event was Not a Collision with a Motor Vehicle in Transport,0,No,1,Non-Junction,1,Not an Intersection,4,On Roadside,0,None,2,Dark - Not Lighted,1,Clear,0,No,0000000,Not Applicable,99,Unknown,98,Unknown if Notified,99,Unknown EMS Scene Arrival Hour,98,Unknown if Arrived,88,Not Applicable (Not Transported),88,Not Applicable (Not Transported),1
40,Oklahoma,400124,0,0,1,1,0,1,1,143,TULSA (143),400,BIXBY,5,May,1,1,1,Sunday,2022,0,0:00am-0:59am,17,17,S GARNETT RD,NA,6,Local Street - Municipality,2,Urban,4,Minor Arterial,4,City or Municipal Highway Agency,0,This section IS NOT on the NHS,0,No Special Jurisdiction,0,None,35.9934,35.9934,-95.8517,-95.8517,42,Tree (Standing Only),0,The First Harmful Event was Not a Collision with a Motor Vehicle in Transport,0,No,1,Non-Junction,1,Not an Intersection,4,On Roadside,0,None,2,Dark - Not Lighted,1,Clear,0,No,0000000,Not Applicable,99,Unknown,98,Unknown if Notified,99,Unknown EMS Scene Arrival Hour,98,Unknown if Arrived,88,Not Applicable (Not Transported),88,Not Applicable (Not Transported),1
40,Oklahoma,400125,0,0,1,1,0,1,1,7,BEAVER (7),0,NOT APPLICABLE,5,May,1,1,1,Sunday,2022,0,0:00am-0:59am,20,20,US-270,NA,2,US Highway,1,Rural,5,Major Collector,1,State Highway Agency,0,This section IS NOT on the NHS,0,No Special Jurisdiction,286,286,36.6161,36.6161,-100.0097,-100.0097,31,"Post, Pole or Other Supports",0,The First Harmful Event was Not a Collision with a Motor Vehicle in Transport,0,No,1,Non-Junction,1,Not an Intersection,4,On Roadside,0,None,2,Dark - Not Lighted,1,Clear,0,No,0000000,Not Applicable,99,Unknown,98,Unknown if Notified,99,Unknown EMS Scene Arrival Hour,98,Unknown if Arrived,88,Not Applicable (Not Transported),88,Not Applicable (Not Transported),1
40,Oklahoma,400126,0,0,2,2,0,2,2,145,WAGONER (145),0,NOT APPLICABLE,5,May,1,1,1,Sunday,2022,0,0:00am-0:59am,28,28,MUSKOGEE TURNPIKE,NA,8,Other,1,Rural,3,Principal Arterial - Other,31,State Toll Road,1,This section IS ON the NHS,0,No Special Jurisdiction,0,None,35.987,35.987,-95.622,-95.622,12,Motor Vehicle In-Transport,1,Front-to-Rear,0,No,1,Non-Junction,1,Not an Intersection,1,On Roadway,0,None,2,Dark - Not Lighted,1,Clear,0,No,0000000,Not Applicable,99,Unknown,98,Unknown if Notified,99,Unknown EMS Scene Arrival Hour,98,Unknown if Arrived,88,Not Applicable (Not Transported),88,Not Applicable (Not Transported),1
40,Oklahoma,400127,1,1,3,3,0,1,1,119,PAYNE (119),0,NOT APPLICABLE,4,April,25,25,2,Monday,2022,11,11:00am-11:59am,14,14,US-177 S PERKINS RD,NA,2,US Highway,2,Urban,3,Principal Arterial - Other,1,State Highway Agency,0,This section IS NOT on the NHS,0,No Special Jurisdiction,75,75,36.0945,36.0945,-97.0514,-97.0514,12,Motor Vehicle In-Transport,1,Front-to-Rear,0,No,1,Non-Junction,1,Not an Intersection,1,On Roadway,0,None,1,Daylight,1,Clear,0,No,0000000,Not Applicable,99,Unknown,98,Unknown if Notified,99,Unknown EMS Scene Arrival Hour,98,Unknown if Arrived,88,Not Applicable (Not Transported),88,Not Applicable (Not Transported),1
40,Oklahoma,400128,1,1,1,1,0,1,1,109,OKLAHOMA (109),3550,OKLAHOMA CITY,4,April,10,10,1,Sunday,2022,0,0:00am-0:59am,42,42,EXCHANGE AVE,NA,6,Local Street - Municipality,2,Urban,7,Local,4,City or Municipal Highway Agency,0,This section IS NOT on the NHS,0,No Special Jurisdiction,0,None,35.45287222,35.45287222,-97.55124722,-97.55124722,8,Pedestrian,0,The First Harmful Event was Not a Collision with a Motor Vehicle in Transport,0,No,1,Non-Junction,1,Not an Intersection,1,On Roadway,0,None,3,Dark - Lighted,10,Cloudy,0,No,0000000,Not Applicable,99,Unknown,98,Unknown if Notified,99,Unknown EMS Scene Arrival Hour,98,Unknown if Arrived,88,Not Applicable (Not Transported),88,Not Applicable (Not Transported),1
40,Oklahoma,400129,2,2,1,1,0,1,1,109,OKLAHOMA (109),3550,OKLAHOMA CITY,4,April,19,19,3,Tuesday,2022,21,9:00pm-9:59pm,15,15,SE 66TH ST,NA,6,Local Street - Municipality,2,Urban,7,Local,4,City or Municipal Highway Agency,0,This section IS NOT on the NHS,0,No Special Jurisdiction,0,None,35.39898333,35.39898333,-97.50429167,-97.50429167,8,Pedestrian,0,The First Harmful Event was Not a Collision with a Motor Vehicle in Transport,0,No,1,Non-Junction,1,Not an Intersection,1,On Roadway,0,None,2,Dark - Not Lighted,10,Cloudy,0,No,0000000,Not Applicable,21,9:00pm-9:59pm,16,16,21,9:00pm-9:59pm,19,19,21,9:00pm-9:59pm,42,42,1
40,Oklahoma,400130,0,0,2,2,0,3,3,81,LINCOLN (81),0,NOT APPLICABLE,4,April,22,22,6,Friday,2022,13,1:00pm-1:59pm,47,47,US-62,NA,2,US Highway,1,Rural,5,Major Collector,1,State Highway Agency,0,This section IS NOT on the NHS,0,No Special Jurisdiction,133,133,35.4918,35.4918,-96.6653,-96.6653,12,Motor Vehicle In-Transport,2,Front-to-Front,0,No,1,Non-Junction,1,Not an Intersection,1,On Roadway,0,None,1,Daylight,10,Cloudy,0,No,0000000,Not Applicable,99,Unknown,99,Unknown,99,Unknown EMS Scene Arrival Hour,99,Unknown EMS Scene Arrival Minutes,99,Unknown,99,Unknown EMS Hospital Arrival Time,2
40,Oklahoma,400131,0,0,1,1,0,1,1,49,GARVIN (49),0,NOT APPLICABLE,5,May,7,7,7,Saturday,2022,13,1:00pm-1:59pm,42,42,SR-74,NA,3,State Highway,1,Rural,5,Major Collector,1,State Highway Agency,0,This section IS NOT on the NHS,0,No Special Jurisdiction,0,None,34.6391,34.6391,-97.3994,-97.3994,34,Ditch,0,The First Harmful Event was Not a Collision with a Motor Vehicle in Transport,0,No,1,Non-Junction,1,Not an Intersection,4,On Roadside,0,None,1,Daylight,1,Clear,0,No,0000000,Not Applicable,99,Unknown,98,Unknown if Notified,99,Unknown EMS Scene Arrival Hour,98,Unknown if Arrived,88,Not Applicable (Not Transported),88,Not Applicable (Not Transported),1
40,Oklahoma,400132,0,0,1,1,0,2,2,131,ROGERS (131),0,NOT APPLICABLE,4,April,26,26,3,Tuesday,2022,17,5:00pm-5:59pm,29,29,CR-E450,NA,4,County Road,1,Rural,5,Major Collector,2,County Highway Agency,0,This section IS NOT on the NHS,0,No Special Jurisdiction,0,None,36.3654,36.3654,-95.5423,-95.5423,1,Rollover/Overturn,0,The First Harmful Event was Not a Collision with a Motor Vehicle in Transport,0,No,1,Non-Junction,1,Not an Intersection,4,On Roadside,0,None,1,Daylight,10,Cloudy,0,No,0000000,Not Applicable,17,5:00pm-5:59pm,10,10,17,5:00pm-5:59pm,20,20,18,6:00pm-6:59pm,9,9,1
40,Oklahoma,400133,0,0,2,2,0,4,4,17,CANADIAN (17),3550,OKLAHOMA CITY,5,May,2,2,2,Monday,2022,8,8:00am-8:59am,42,42,NW 10TH ST,NA,6,Local Street - Municipality,2,Urban,4,Minor Arterial,4,City or Municipal Highway Agency,0,This section IS NOT on the NHS,0,No Special Jurisdiction,0,None,35.47878889,35.47878889,-97.67416944,-97.67416944,12,Motor Vehicle In-Transport,6,Angle,0,No,1,Non-Junction,1,Not an Intersection,1,On Roadway,0,None,1,Daylight,2,Rain,0,No,0000000,Not Applicable,9,9:00am-9:59am,4,4,9,9:00am-9:59am,12,12,9,9:00am-9:59am,48,48,1
40,Oklahoma,400134,0,0,2,2,0,13,13,1,ADAIR (1),0,NOT APPLICABLE,4,April,28,28,5,Thursday,2022,17,5:00pm-5:59pm,51,51,US-59,NA,2,US Highway,1,Rural,3,Principal Arterial - Other,1,State Highway Agency,0,This section IS NOT on the NHS,0,No Special Jurisdiction,0,None,36.1095,36.1095,-94.5677,-94.5677,12,Motor Vehicle In-Transport,6,Angle,0,No,1,Non-Junction,1,Not an Intersection,1,On Roadway,0,None,1,Daylight,1,Clear,0,No,0000000,Not Applicable,99,Unknown,99,Unknown,99,Unknown EMS Scene Arrival Hour,99,Unknown EMS Scene Arrival Minutes,99,Unknown,99,Unknown EMS Hospital Arrival Time,4
40,Oklahoma,400135,0,0,2,2,0,2,2,119,PAYNE (119),0,NOT APPLICABLE,4,April,29,29,6,Friday,2022,18,6:00pm-6:59pm,37,37,SR-51,SR-18,3,State Highway,1,Rural,4,Minor Arterial,1,State Highway Agency,0,This section IS NOT on the NHS,0,No Special Jurisdiction,85,85,36.1087,36.1087,-96.7668,-96.7668,12,Motor Vehicle In-Transport,6,Angle,0,No,2,Intersection,2,Four-Way Intersection,1,On Roadway,4,"Work Zone, Type Unknown",1,Daylight,1,Clear,0,No,0000000,Not Applicable,99,Unknown,98,Unknown if Notified,99,Unknown EMS Scene Arrival Hour,98,Unknown if Arrived,88,Not Applicable (Not Transported),88,Not Applicable (Not Transported),1
40,Oklahoma,400136,0,0,1,1,0,6,6,37,CREEK (37),0,NOT APPLICABLE,5,May,1,1,1,Sunday,2022,18,6:00pm-6:59pm,59,59,CR-W CEDAR LN,NA,4,County Road,1,Rural,7,Local,2,County Highway Agency,0,This section IS NOT on the NHS,0,No Special Jurisdiction,0,None,36.0303,36.0303,-96.2312,-96.2312,1,Rollover/Overturn,0,The First Harmful Event was Not a Collision with a Motor Vehicle in Transport,0,No,1,Non-Junction,1,Not an Intersection,1,On Roadway,0,None,1,Daylight,10,Cloudy,0,No,0000000,Not Applicable,18,6:00pm-6:59pm,29,29,18,6:00pm-6:59pm,46,46,19,7:00pm-7:59pm,49,49,1
40,Oklahoma,400137,0,0,2,2,0,2,2,71,KAY (71),0,NOT APPLICABLE,4,April,29,29,6,Friday,2022,16,4:00pm-4:59pm,32,32,US-77,NA,2,US Highway,1,Rural,4,Minor Arterial,1,State Highway Agency,0,This section IS NOT on the NHS,0,No Special Jurisdiction,173,173,36.9196,36.9196,-97.0562,-97.0562,12,Motor Vehicle In-Transport,1,Front-to-Rear,0,No,8,Driveway Access Related,1,Not an Intersection,1,On Roadway,0,None,1,Daylight,10,Cloudy,0,No,0000000,Not Applicable,99,Unknown,99,Unknown,99,Unknown EMS Scene Arrival Hour,99,Unknown EMS Scene Arrival Minutes,99,Unknown,99,Unknown EMS Hospital Arrival Time,1
40,Oklahoma,400138,0,0,2,2,0,4,4,71,KAY (71),0,NOT APPLICABLE,4,April,29,29,6,Friday,2022,23,11:00pm-11:59pm,23,23,I-35,NA,1,Interstate,1,Rural,1,Interstate,1,State Highway Agency,1,This section IS ON the NHS,0,No Special Jurisdiction,0,None,36.6757,36.6757,-97.346,-97.346,12,Motor Vehicle In-Transport,6,Angle,0,No,1,Non-Junction,1,Not an Intersection,1,On Roadway,0,None,2,Dark - Not Lighted,2,Rain,0,No,0000000,Not Applicable,99,Unknown,99,Unknown,99,Unknown EMS Scene Arrival Hour,99,Unknown EMS Scene Arrival Minutes,99,Unknown,99,Unknown EMS Hospital Arrival Time,3
40,Oklahoma,400139,0,0,1,1,0,3,3,85,LOVE (85),0,NOT APPLICABLE,5,May,1,1,1,Sunday,2022,4,4:00am-4:59am,32,32,I-35,NA,1,Interstate,1,Rural,1,Interstate,1,State Highway Agency,1,This section IS ON the NHS,0,No Special Jurisdiction,0,None,34.0562,34.0562,-97.1489,-97.1489,35,Embankment,0,The First Harmful Event was Not a Collision with a Motor Vehicle in Transport,0,No,1,Non-Junction,1,Not an Intersection,3,On Median,0,None,2,Dark - Not Lighted,1,Clear,0,No,0000000,Not Applicable,4,4:00am-4:59am,32,32,5,5:00am-5:59am,4,4,5,5:00am-5:59am,42,42,1
40,Oklahoma,400140,1,1,1,1,0,1,1,143,TULSA (143),4780,TULSA,5,May,5,5,5,Thursday,2022,2,2:00am-2:59am,43,43,I-44,NA,1,Interstate,2,Urban,1,Interstate,1,State Highway Agency,1,This section IS ON the NHS,0,No Special Jurisdiction,0,None,36.09030556,36.09030556,-95.94912778,-95.94912778,8,Pedestrian,0,The First Harmful Event was Not a Collision with a Motor Vehicle in Transport,0,No,1,Non-Junction,1,Not an Intersection,1,On Roadway,0,None,3,Dark - Lighted,2,Rain,0,No,0000000,Not Applicable,99,Unknown,98,Unknown if Notified,99,Unknown EMS Scene Arrival Hour,98,Unknown if Arrived,88,Not Applicable (Not Transported),88,Not Applicable (Not Transported),1
40,Oklahoma,400141,1,1,1,1,0,1,1,89,MCCURTAIN (89),0,NOT APPLICABLE,5,May,10,10,3,Tuesday,2022,21,9:00pm-9:59pm,2,2,CR-POLLARD RD MARSHALL HILL RD,CR-RUBY HILL RD OLD 21 RD,4,County Road,1,Rural,5,Major Collector,2,County Highway Agency,0,This section IS NOT on the NHS,0,No Special Jurisdiction,0,None,33.8375,33.8375,-94.7741,-94.7741,9,Pedalcyclist,0,The First Harmful Event was Not a Collision with a Motor Vehicle in Transport,0,No,2,Intersection,2,Four-Way Intersection,1,On Roadway,0,None,2,Dark - Not Lighted,1,Clear,0,No,0000000,Not Applicable,99,Unknown,98,Unknown if Notified,99,Unknown EMS Scene Arrival Hour,98,Unknown if Arrived,88,Not Applicable (Not Transported),88,Not Applicable (Not Transported),1
40,Oklahoma,400142,1,1,1,1,0,1,1,143,TULSA (143),4780,TULSA,5,May,14,14,7,Saturday,2022,10,10:00am-10:59am,52,52,E 4TH PL,NA,6,Local Street - Municipality,2,Urban,5,Major Collector,4,City or Municipal Highway Agency,0,This section IS NOT on the NHS,0,No Special Jurisdiction,0,None,36.1552,36.1552,-95.8989,-95.8989,9,Pedalcyclist,0,The First Harmful Event was Not a Collision with a Motor Vehicle in Transport,0,No,1,Non-Junction,1,Not an Intersection,1,On Roadway,0,None,1,Daylight,1,Clear,0,No,0000000,Not Applicable,10,10:00am-10:59am,52,52,11,11:00am-11:59am,1,1,12,12:00pm-12:59pm,5,5,1
40,Oklahoma,400143,0,0,2,2,0,4,4,47,GARFIELD (47),834,CARRIER,4,April,25,25,2,Monday,2022,16,4:00pm-4:59pm,10,10,SR-132,SR-45,3,State Highway,1,Rural,5,Major Collector,1,State Highway Agency,0,This section IS NOT on the NHS,0,No Special Jurisdiction,0,None,36.46338333,36.46338333,-98.01498611,-98.01498611,12,Motor Vehicle In-Transport,6,Angle,0,No,2,Intersection,2,Four-Way Intersection,1,On Roadway,0,None,1,Daylight,1,Clear,0,No,0000000,Not Applicable,99,Unknown,99,Unknown,99,Unknown EMS Scene Arrival Hour,99,Unknown EMS Scene Arrival Minutes,99,Unknown,99,Unknown EMS Hospital Arrival Time,2
40,Oklahoma,400144,0,0,2,2,0,2,2,137,STEPHENS (137),0,NOT APPLICABLE,4,April,19,19,3,Tuesday,2022,19,7:00pm-7:59pm,6,6,SR-7,CR-3 MILE DEWITT,3,State Highway,1,Rural,3,Principal Arterial - Other,1,State Highway Agency,1,This section IS ON the NHS,0,No Special Jurisdiction,70,70,34.59440278,34.59440278,-98.01929167,-98.01929167,12,Motor Vehicle In-Transport,6,Angle,0,No,2,Intersection,2,Four-Way Intersection,1,On Roadway,0,None,1,Daylight,10,Cloudy,0,No,0000000,Not Applicable,99,Unknown,99,Unknown,99,Unknown EMS Scene Arrival Hour,99,Unknown EMS Scene Arrival Minutes,99,Unknown,99,Unknown EMS Hospital Arrival Time,1
40,Oklahoma,400145,1,1,1,1,0,1,1,145,WAGONER (145),0,NOT APPLICABLE,4,April,23,23,7,Saturday,2022,0,0:00am-0:59am,24,24,CR-E690,NA,4,County Road,1,Rural,6,Minor Collector,2,County Highway Agency,0,This section IS NOT on the NHS,0,No Special Jurisdiction,0,None,36.0172,36.0172,-95.3539,-95.3539,8,Pedestrian,0,The First Harmful Event was Not a Collision with a Motor Vehicle in Transport,0,No,1,Non-Junction,1,Not an Intersection,1,On Roadway,0,None,2,Dark - Not Lighted,1,Clear,0,No,0000000,Not Applicable,99,Unknown,99,Unknown,99,Unknown EMS Scene Arrival Hour,99,Unknown EMS Scene Arrival Minutes,99,Unknown,99,Unknown EMS Hospital Arrival Time,1
40,Oklahoma,400146,0,0,3,3,0,3,3,7,BEAVER (7),0,NOT APPLICABLE,5,May,2,2,2,Monday,2022,18,6:00pm-6:59pm,25,25,US-270 US-412 SR-3,CR-NS130,2,US Highway,1,Rural,3,Principal Arterial - Other,1,State Highway Agency,1,This section IS ON the NHS,0,No Special Jurisdiction,79,79,36.6165,36.6165,-100.6859,-100.6859,12,Motor Vehicle In-Transport,1,Front-to-Rear,0,No,2,Intersection,3,T-Intersection,1,On Roadway,0,None,1,Daylight,1,Clear,0,No,0000000,Not Applicable,99,Unknown,99,Unknown,99,Unknown EMS Scene Arrival Hour,99,Unknown EMS Scene Arrival Minutes,99,Unknown,99,Unknown EMS Hospital Arrival Time,1
40,Oklahoma,400147,0,0,2,2,0,2,2,143,TULSA (143),4780,TULSA,5,May,7,7,7,Saturday,2022,3,3:00am-3:59am,52,52,I-44,NA,1,Interstate,2,Urban,1,Interstate,1,State Highway Agency,1,This section IS ON the NHS,0,No Special Jurisdiction,0,None,36.0883,36.0883,-96.0405,-96.0405,12,Motor Vehicle In-Transport,2,Front-to-Front,1,Yes,20,Entrance/Exit Ramp,1,Not an Intersection,1,On Roadway,0,None,3,Dark - Lighted,1,Clear,0,No,0000000,Not Applicable,99,Unknown,98,Unknown if Notified,99,Unknown EMS Scene Arrival Hour,98,Unknown if Arrived,88,Not Applicable (Not Transported),88,Not Applicable (Not Transported),1
40,Oklahoma,400148,0,0,1,1,0,1,1,47,GARFIELD (47),0,NOT APPLICABLE,5,May,7,7,7,Saturday,2022,11,11:00am-11:59am,48,48,SR-132,NA,3,State Highway,1,Rural,5,Major Collector,1,State Highway Agency,0,This section IS NOT on the NHS,0,No Special Jurisdiction,0,None,36.5924,36.5924,-98.0148,-98.0148,1,Rollover/Overturn,0,The First Harmful Event was Not a Collision with a Motor Vehicle in Transport,0,No,1,Non-Junction,1,Not an Intersection,4,On Roadside,0,None,1,Daylight,1,Clear,0,No,0000000,Not Applicable,99,Unknown,98,Unknown if Notified,99,Unknown EMS Scene Arrival Hour,98,Unknown if Arrived,88,Not Applicable (Not Transported),88,Not Applicable (Not Transported),1