STATE,STATENAME,ST_CASE,PEDS,PERNOTMVIT,VE_TOTAL,VE_FORMS,PVH_INVL,PERSONS,PERMVIT,COUNTY,COUNTYNAME,CITY,CITYNAME,MONTH,MONTHNAME,DAY,DAYNAME,DAY_WEEK,DAY_WEEKNAME,YEAR,HOUR,HOURNAME,MINUTE,MINUTENAME,TWAY_ID,TWAY_ID2,ROUTE,ROUTENAME,RUR_URB,RUR_URBNAME,FUNC_SYS,FUNC_SYSNAME,RD_OWNER,RD_OWNERNAME,NHS,NHSNAME,SP_JUR,SP_JURNAME,MILEPT,MILEPTNAME,LATITUDE,LATITUDENAME,LONGITUD,LONGITUDNAME,HARM_EV,HARM_EVNAME,MAN_COLL,MAN_COLLNAME,RELJCT1,RELJCT1NAME,RELJCT2,RELJCT2NAME,TYP_INT,TYP_INTNAME,REL_ROAD,REL_ROADNAME,WRK_ZONE,WRK_ZONENAME,LGT_COND,LGT_CONDNAME,WEATHER,WEATHERNAME,SCH_BUS,SCH_BUSNAME,RAIL,RAILNAME,NOT_HOUR,NOT_HOURNAME,NOT_MIN,NOT_MINNAME,ARR_HOUR,ARR_HOURNAME,ARR_MIN,ARR_MINNAME,HOSP_HR,HOSP_HRNAME,HOSP_MN,HOSP_MNNAME,FATALS
40,Oklahoma,400553,0,0,2,2,0,2,2,45,ELLIS (45),0,NOT APPLICABLE,12,December,22,22,5,Thursday,2022,8,8:00am-8:59am,23,23,SR-15,NA,3,State Highway,1,Rural,5,Major Collector,1,State Highway Agency,0,This section IS NOT on the NHS,0,No Special Jurisdiction,113,113,36.3323,36.3323,-99.7041,-99.7041,12,Motor Vehicle In-Transport,2,Front-to-Front,0,No,1,Non-Junction,1,Not an Intersection,1,On Roadway,0,None,1,Daylight,10,Cloudy,0,No,0000000,Not Applicable,99,Unknown,99,Unknown,99,Unknown EMS Scene Arrival Hour,99,Unknown EMS Scene Arrival Minutes,99,Unknown,99,Unknown EMS Hospital Arrival Time,1
40,Oklahoma,400554,1,1,3,3,0,2,2,81,LINCOLN (81),0,NOT APPLICABLE,12,December,22,22,5,Thursday,2022,8,8:00am-8:59am,33,33,I-44 TURNER TURNPIKE,NA,1,Interstate,1,Rural,1,Interstate,31,State Toll Road,1,This section IS ON the NHS,0,No Special Jurisdiction,0,None,35.6765,35.6765,-97.0619,-97.0619,12,Motor Vehicle In-Transport,1,Front-to-Rear,0,No,1,Non-Junction,1,Not an Intersection,1,On Roadway,0,None,1,Daylight,1,Clear,0,No,0000000,Not Applicable,99,Unknown,98,Unknown if Notified,99,Unknown EMS Scene Arrival Hour,98,Unknown if Arrived,88,Not Applicable (Not Transported),88,Not Applicable (Not Transported),1
40,Oklahoma,400555,0,0,2,2,0,3,3,125,POTTAWATOMIE (125),0,NOT APPLICABLE,12,December,24,24,7,Saturday,2022,20,8:00pm-8:59pm,21,21,US-270,CR-NS345,2,US Highway,1,Rural,4,Minor Arterial,1,State Highway Agency,0,This section IS NOT on the NHS,0,No Special Jurisdiction,34,34,35.2595,35.2595,-96.8598,-96.8598,12,Motor Vehicle In-Transport,6,Angle,0,No,2,Intersection,2,Four-Way Intersection,1,On Roadway,0,None,2,Dark - Not Lighted,1,Clear,0,No,0000000,Not Applicable,99,Unknown,99,Unknown,99,Unknown EMS Scene Arrival Hour,99,Unknown EMS Scene Arrival Minutes,99,Unknown,99,Unknown EMS Hospital Arrival Time,2
40,Oklahoma,400556,0,0,1,1,0,3,3,131,ROGERS (131),0,NOT APPLICABLE,12,December,24,24,7,Saturday,2022,17,5:00pm-5:59pm,0,0,SR-66,NA,3,State Highway,2,Urban,3,Principal Arterial - Other,1,State Highway Agency,0,This section IS NOT on the NHS,0,No Special Jurisdiction,41,41,36.214,36.214,-95.7216,-95.7216,21,Bridge Pier or Support,0,The First Harmful Event was Not a Collision with a Motor Vehicle in Transport,0,No,1,Non-Junction,1,Not an Intersection,3,On Median,0,None,2,Dark - Not Lighted,1,Clear,0,No,0000000,Not Applicable,99,Unknown,99,Unknown,99,Unknown EMS Scene Arrival Hour,99,Unknown EMS Scene Arrival Minutes,99,Unknown,99,Unknown EMS Hospital Arrival Time,1
40,Oklahoma,400557,0,0,3,3,0,6,6,143,TULSA (143),400,BIXBY,7,July,11,11,2,Monday,2022,19,7:00pm-7:59pm,49,49,E 111TH ST S,S 87TH E PL,6,Local Street - Municipality,2,Urban,4,Minor Arterial,4,City or Municipal Highway Agency,0,This section IS NOT on the NHS,0,No Special Jurisdiction,0,None,36.002825,36.002825,-95.87922222,-95.87922222,12,Motor Vehicle In-Transport,7,Sideswipe - Same Direction,0,No,3,Intersection-Related,3,T-Intersection,1,On Roadway,0,None,1,Daylight,10,Cloudy,0,No,0000000,Not Applicable,99,Unknown,99,Unknown,99,Unknown EMS Scene Arrival Hour,99,Unknown EMS Scene Arrival Minutes,99,Unknown,99,Unknown EMS Hospital Arrival Time,1
40,Oklahoma,400558,0,0,1,1,0,3,3,81,LINCOLN (81),0,NOT APPLICABLE,11,November,14,14,2,Monday,2022,15,3:00pm-3:59pm,6,6,US-177,NA,2,US Highway,1,Rural,4,Minor Arterial,1,State Highway Agency,0,This section IS NOT on the NHS,0,No Special Jurisdiction,124,124,35.8622,35.8622,-97.0186,-97.0186,35,Embankment,0,The First Harmful Event was Not a Collision with a Motor Vehicle in Transport,0,No,1,Non-Junction,1,Not an Intersection,4,On Roadside,0,None,1,Daylight,10,Cloudy,0,No,0000000,Not Applicable,99,Unknown,99,Unknown,99,Unknown EMS Scene Arrival Hour,99,Unknown EMS Scene Arrival Minutes,99,Unknown,99,Unknown EMS Hospital Arrival Time,1
40,Oklahoma,400559,0,0,2,2,0,2,2,143,TULSA (143),4780,TULSA,12,December,29,29,5,Thursday,2022,19,7:00pm-7:59pm,57,57,S MEMORIAL DR,E 73RD ST,6,Local Street - Municipality,2,Urban,3,Principal Arterial - Other,4,City or Municipal Highway Agency,0,This section IS NOT on the NHS,0,No Special Jurisdiction,0,None,36.0583,36.0583,-95.8864,-95.8864,1,Rollover/Overturn,0,The First Harmful Event was Not a Collision with a Motor Vehicle in Transport,0,No,2,Intersection,2,Four-Way Intersection,1,On Roadway,0,None,3,Dark - Lighted,1,Clear,0,No,0000000,Not Applicable,99,Unknown,99,Unknown,99,Unknown EMS Scene Arrival Hour,99,Unknown EMS Scene Arrival Minutes,99,Unknown,99,Unknown EMS Hospital Arrival Time,1
40,Oklahoma,400560,0,0,2,2,0,5,5,111,OKMULGEE (111),0,NOT APPLICABLE,12,December,31,31,7,Saturday,2022,4,4:00am-4:59am,53,53,US-75,NA,2,US Highway,1,Rural,3,Principal Arterial - Other,1,State Highway Agency,1,This section IS ON the NHS,0,No Special Jurisdiction,117,117,35.76668056,35.76668056,-96.01555,-96.01555,12,Motor Vehicle In-Transport,7,Sideswipe - Same Direction,0,No,1,Non-Junction,1,Not an Intersection,1,On Roadway,0,None,2,Dark - Not Lighted,1,Clear,0,No,0000000,Not Applicable,99,Unknown,99,Unknown,99,Unknown EMS Scene Arrival Hour,99,Unknown EMS Scene Arrival Minutes,99,Unknown,99,Unknown EMS Hospital Arrival Time,1
40,Oklahoma,400561,1,1,2,2,0,2,2,81,LINCOLN (81),0,NOT APPLICABLE,12,December,31,31,7,Saturday,2022,13,1:00pm-1:59pm,23,23,I-44,NA,1,Interstate,1,Rural,1,Interstate,31,State Toll Road,1,This section IS ON the NHS,0,No Special Jurisdiction,42,42,35.6739,35.6739,-97.0703,-97.0703,8,Pedestrian,0,The First Harmful Event was Not a Collision with a Motor Vehicle in Transport,0,No,1,Non-Junction,1,Not an Intersection,1,On Roadway,0,None,1,Daylight,1,Clear,0,No,0000000,Not Applicable,99,Unknown,98,Unknown if Notified,99,Unknown EMS Scene Arrival Hour,98,Unknown if Arrived,88,Not Applicable (Not Transported),88,Not Applicable (Not Transported),1
40,Oklahoma,400562,0,0,2,2,0,3,3,137,STEPHENS (137),0,NOT APPLICABLE,12,December,31,31,7,Saturday,2022,16,4:00pm-4:59pm,44,44,CR-3000,NA,4,County Road,1,Rural,7,Local,2,County Highway Agency,0,This section IS NOT on the NHS,0,No Special Jurisdiction,0,None,34.4421,34.4421,-97.6151,-97.6151,12,Motor Vehicle In-Transport,6,Angle,0,No,8,Driveway Access Related,1,Not an Intersection,1,On Roadway,0,None,1,Daylight,1,Clear,0,No,0000000,Not Applicable,99,Unknown,98,Unknown if Notified,99,Unknown EMS Scene Arrival Hour,98,Unknown if Arrived,88,Not Applicable (Not Transported),88,Not Applicable (Not Transported),1
40,Oklahoma,400563,0,0,2,2,0,2,2,143,TULSA (143),4780,TULSA,12,December,31,31,7,Saturday,2022,16,4:00pm-4:59pm,45,45,US-169 EXIT RAMP,NA,2,US Highway,2,Urban,3,Principal Arterial - Other,1,State Highway Agency,1,This section IS ON the NHS,0,No Special Jurisdiction,0,None,36.1643,36.1643,-95.86,-95.86,12,Motor Vehicle In-Transport,1,Front-to-Rear,1,Yes,20,Entrance/Exit Ramp,1,Not an Intersection,1,On Roadway,0,None,1,Daylight,1,Clear,0,No,0000000,Not Applicable,99,Unknown,98,Unknown if Notified,99,Unknown EMS Scene Arrival Hour,98,Unknown if Arrived,88,Not Applicable (Not Transported),88,Not Applicable (Not Transported),1
40,Oklahoma,400564,0,0,1,1,0,1,1,143,TULSA (143),4780,TULSA,9,September,19,19,2,Monday,2022,17,5:00pm-5:59pm,50,50,N SHERIDAN RD,NA,6,Local Street - Municipality,2,Urban,4,Minor Arterial,4,City or Municipal Highway Agency,0,This section IS NOT on the NHS,0,No Special Jurisdiction,0,None,36.1668,36.1668,-95.9045,-95.9045,1,Rollover/Overturn,0,The First Harmful Event was Not a Collision with a Motor Vehicle in Transport,0,No,1,Non-Junction,1,Not an Intersection,4,On Roadside,0,None,1,Daylight,1,Clear,0,No,0000000,Not Applicable,99,Unknown,99,Unknown,99,Unknown EMS Scene Arrival Hour,99,Unknown EMS Scene Arrival Minutes,99,Unknown,99,Unknown EMS Hospital Arrival Time,1
40,Oklahoma,400565,0,0,2,2,0,2,2,27,CLEVELAND (27),3430,NORMAN,4,April,19,19,3,Tuesday,2022,18,6:00pm-6:59pm,14,14,24TH AVE SE,NA,6,Local Street - Municipality,2,Urban,4,Minor Arterial,4,City or Municipal Highway Agency,0,This section IS NOT on the NHS,0,No Special Jurisdiction,0,None,35.19619722,35.19619722,-97.40594444,-97.40594444,12,Motor Vehicle In-Transport,7,Sideswipe - Same Direction,0,No,1,Non-Junction,1,Not an Intersection,1,On Roadway,0,None,1,Daylight,1,Clear,0,No,0000000,Not Applicable,99,Unknown,99,Unknown,99,Unknown EMS Scene Arrival Hour,99,Unknown EMS Scene Arrival Minutes,99,Unknown,99,Unknown EMS Hospital Arrival Time,1
40,Oklahoma,400566,0,0,1,1,0,1,1,27,CLEVELAND (27),3430,NORMAN,11,November,12,12,7,Saturday,2022,2,2:00am-2:59am,20,20,W ROCK CREEK RD,NA,6,Local Street - Municipality,2,Urban,4,Minor Arterial,4,City or Municipal Highway Agency,0,This section IS NOT on the NHS,0,No Special Jurisdiction,0,None,35.24733611,35.24733611,-97.44556389,-97.44556389,33,Curb,0,The First Harmful Event was Not a Collision with a Motor Vehicle in Transport,0,No,1,Non-Junction,1,Not an Intersection,4,On Roadside,0,None,2,Dark - Not Lighted,1,Clear,0,No,0000000,Not Applicable,99,Unknown,98,Unknown if Notified,99,Unknown EMS Scene Arrival Hour,98,Unknown if Arrived,88,Not Applicable (Not Transported),88,Not Applicable (Not Transported),1
40,Oklahoma,400567,0,0,2,2,0,2,2,143,TULSA (143),4780,TULSA,9,September,28,28,4,Wednesday,2022,22,10:00pm-10:59pm,21,21,E 71ST ST,S YALE AVE,6,Local Street - Municipality,2,Urban,3,Principal Arterial - Other,4,City or Municipal Highway Agency,0,This section IS NOT on the NHS,0,No Special Jurisdiction,0,None,36.06076667,36.06076667,-95.92245,-95.92245,12,Motor Vehicle In-Transport,1,Front-to-Rear,0,No,2,Intersection,2,Four-Way Intersection,1,On Roadway,0,None,3,Dark - Lighted,1,Clear,0,No,0000000,Not Applicable,99,Unknown,99,Unknown,99,Unknown EMS Scene Arrival Hour,99,Unknown EMS Scene Arrival Minutes,99,Unknown,99,Unknown EMS Hospital Arrival Time,1
40,Oklahoma,400568,0,0,1,1,0,2,2,143,TULSA (143),4780,TULSA,10,October,23,23,1,Sunday,2022,6,6:00am-6:59am,10,10,S UNION PL,NA,6,Local Street - Municipality,2,Urban,4,Minor Arterial,4,City or Municipal Highway Agency,0,This section IS NOT on the NHS,0,No Special Jurisdiction,0,None,36.10841111,36.10841111,-96.01166111,-96.01166111,30,Utility Pole/Light Support,0,The First Harmful Event was Not a Collision with a Motor Vehicle in Transport,0,No,1,Non-Junction,1,Not an Intersection,4,On Roadside,0,None,2,Dark - Not Lighted,1,Clear,0,No,0000000,Not Applicable,99,Unknown,99,Unknown,99,Unknown EMS Scene Arrival Hour,99,Unknown EMS Scene Arrival Minutes,99,Unknown,99,Unknown EMS Hospital Arrival Time,1
40,Oklahoma,400570,0,0,2,2,0,3,3,87,MCCLAIN (87),3378,NEW CASTLE,9,September,30,30,6,Friday,2022,14,2:00pm-2:59pm,40,40,SR-37,NA,3,State Highway,1,Rural,4,Minor Arterial,1,State Highway Agency,0,This section IS NOT on the NHS,0,No Special Jurisdiction,0,None,35.29095,35.29095,-97.64480556,-97.64480556,12,Motor Vehicle In-Transport,6,Angle,0,No,1,Non-Junction,1,Not an Intersection,1,On Roadway,0,None,1,Daylight,10,Cloudy,0,No,0000000,Not Applicable,99,Unknown,98,Unknown if Notified,99,Unknown EMS Scene Arrival Hour,98,Unknown if Arrived,88,Not Applicable (Not Transported),88,Not Applicable (Not Transported),2
40,Oklahoma,400571,0,0,1,1,0,1,1,143,TULSA (143),3630,OWASSO,5,May,12,12,5,Thursday,2022,15,3:00pm-3:59pm,12,12,US-169 EXIT RAMP,NA,2,US Highway,2,Urban,3,Principal Arterial - Other,1,State Highway Agency,1,This section IS ON the NHS,0,No Special Jurisdiction,0,None,36.33544167,36.33544167,-95.81966111,-95.81966111,1,Rollover/Overturn,0,The First Harmful Event was Not a Collision with a Motor Vehicle in Transport,1,Yes,5,Entrance/Exit Ramp Related,1,Not an Intersection,8,Gore,0,None,1,Daylight,1,Clear,0,No,0000000,Not Applicable,99,Unknown,98,Unknown if Notified,99,Unknown EMS Scene Arrival Hour,98,Unknown if Arrived,88,Not Applicable (Not Transported),88,Not Applicable (Not Transported),1
40,Oklahoma,400572,0,0,1,1,0,1,1,27,CLEVELAND (27),3430,NORMAN,2,February,14,14,2,Monday,2022,2,2:00am-2:59am,27,27,48TH AVE NW,NA,6,Local Street - Municipality,1,Rural,5,Major Collector,4,City or Municipal Highway Agency,0,This section IS NOT on the NHS,0,No Special Jurisdiction,0,None,35.28667778,35.28667778,-97.51202222,-97.51202222,1,Rollover/Overturn,0,The First Harmful Event was Not a Collision with a Motor Vehicle in Transport,0,No,1,Non-Junction,1,Not an Intersection,1,On Roadway,0,None,2,Dark - Not Lighted,1,Clear,0,No,0000000,Not Applicable,99,Unknown,98,Unknown if Notified,99,Unknown EMS Scene Arrival Hour,98,Unknown if Arrived,88,Not Applicable (Not Transported),88,Not Applicable (Not Transported),1
40,Oklahoma,400573,0,0,1,1,0,1,1,27,CLEVELAND (27),3430,NORMAN,7,July,4,4,2,Monday,2022,22,10:00pm-10:59pm,36,36,180TH AVE SE,NA,6,Local Street - Municipality,1,Rural,5,Major Collector,4,City or Municipal Highway Agency,0,This section IS NOT on the NHS,0,No Special Jurisdiction,0,None,35.19681667,35.19681667,-97.17739722,-97.17739722,34,Ditch,0,The First Harmful Event was Not a Collision with a Motor Vehicle in Transport,0,No,1,Non-Junction,1,Not an Intersection,4,On Roadside,0,None,2,Dark - Not Lighted,1,Clear,0,No,0000000,Not Applicable,99,Unknown,99,Unknown,99,Unknown EMS Scene Arrival Hour,99,Unknown EMS Scene Arrival Minutes,99,Unknown,99,Unknown EMS Hospital Arrival Time,1
40,Oklahoma,400574,0,0,2,2,0,2,2,27,CLEVELAND (27),3430,NORMAN,11,November,28,28,2,Monday,2022,13,1:00pm-1:59pm,19,19,W ROCK CREEK RD,60TH AVE NW,6,Local Street - Municipality,2,Urban,7,Local,4,City or Municipal Highway Agency,0,This section IS NOT on the NHS,0,No Special Jurisdiction,0,None,35.24733056,35.24733056,-97.52957222,-97.52957222,12,Motor Vehicle In-Transport,6,Angle,0,No,2,Intersection,2,Four-Way Intersection,1,On Roadway,0,None,1,Daylight,1,Clear,0,No,0000000,Not Applicable,99,Unknown,99,Unknown,99,Unknown EMS Scene Arrival Hour,99,Unknown EMS Scene Arrival Minutes,99,Unknown,99,Unknown EMS Hospital Arrival Time,2
40,Oklahoma,400575,0,0,1,1,0,5,5,143,TULSA (143),4170,SAND SPRINGS,9,September,15,15,5,Thursday,2022,12,12:00pm-12:59pm,16,16,E SAND SPRINGS PARK RD,NA,6,Local Street - Municipality,2,Urban,5,Major Collector,4,City or Municipal Highway Agency,0,This section IS NOT on the NHS,0,No Special Jurisdiction,0,None,36.14438056,36.14438056,-96.09530278,-96.09530278,59,Traffic Sign Support,0,The First Harmful Event was Not a Collision with a Motor Vehicle in Transport,0,No,1,Non-Junction,1,Not an Intersection,4,On Roadside,0,None,1,Daylight,1,Clear,0,No,0000000,Not Applicable,99,Unknown,99,Unknown,99,Unknown EMS Scene Arrival Hour,99,Unknown EMS Scene Arrival Minutes,99,Unknown,99,Unknown EMS Hospital Arrival Time,3
40,Oklahoma,400576,0,0,1,1,0,1,1,97,MAYES (97),3855,PRYOR,8,August,26,26,6,Friday,2022,11,11:00am-11:59am,17,17,SR-69A,US-69 S MILL ST,3,State Highway,2,Urban,3,Principal Arterial - Other,1,State Highway Agency,0,This section IS NOT on the NHS,0,No Special Jurisdiction,0,None,36.247475,36.247475,-95.33594722,-95.33594722,1,Rollover/Overturn,0,The First Harmful Event was Not a Collision with a Motor Vehicle in Transport,0,No,3,Intersection-Related,3,T-Intersection,4,On Roadside,0,None,1,Daylight,1,Clear,0,No,0000000,Not Applicable,99,Unknown,99,Unknown,99,Unknown EMS Scene Arrival Hour,99,Unknown EMS Scene Arrival Minutes,99,Unknown,99,Unknown EMS Hospital Arrival Time,1
40,Oklahoma,400577,0,0,1,1,0,1,1,81,LINCOLN (81),0,NOT APPLICABLE,11,November,30,30,4,Wednesday,2022,8,8:00am-8:59am,15,15,CR-850,NA,4,County Road,1,Rural,5,Major Collector,2,County Highway Agency,0,This section IS NOT on the NHS,0,No Special Jurisdiction,0,None,35.7823,35.7823,-96.6831,-96.6831,1,Rollover/Overturn,0,The First Harmful Event was Not a Collision with a Motor Vehicle in Transport,0,No,1,Non-Junction,1,Not an Intersection,4,On Roadside,0,None,1,Daylight,1,Clear,0,No,0000000,Not Applicable,99,Unknown,99,Unknown,99,Unknown EMS Scene Arrival Hour,99,Unknown EMS Scene Arrival Minutes,99,Unknown,99,Unknown EMS Hospital Arrival Time,1
40,Oklahoma,400578,0,0,1,1,0,6,6,13,BRYAN (13),1430,DURANT,3,March,21,21,2,Monday,2022,19,7:00pm-7:59pm,30,30,US-69 US-75,NA,2,US Highway,2,Urban,3,Principal Arterial - Other,1,State Highway Agency,1,This section IS ON the NHS,0,No Special Jurisdiction,0,None,33.98592778,33.98592778,-96.411975,-96.411975,59,Traffic Sign Support,0,The First Harmful Event was Not a Collision with a Motor Vehicle in Transport,0,No,1,Non-Junction,1,Not an Intersection,4,On Roadside,0,None,2,Dark - Not Lighted,2,Rain,0,No,0000000,Not Applicable,99,Unknown,99,Unknown,99,Unknown EMS Scene Arrival Hour,99,Unknown EMS Scene Arrival Minutes,99,Unknown,99,Unknown EMS Hospital Arrival Time,1
40,Oklahoma,400579,0,0,3,3,0,3,3,27,CLEVELAND (27),3220,MOORE,4,April,5,5,3,Tuesday,2022,8,8:00am-8:59am,2,2,N I-35 SERVICE RD,NW 5TH ST,7,Local Street - Frontage Road,2,Urban,7,Local,4,City or Municipal Highway Agency,0,This section IS NOT on the NHS,0,No Special Jurisdiction,0,None,35.34330278,35.34330278,-97.49417222,-97.49417222,12,Motor Vehicle In-Transport,6,Angle,0,No,2,Intersection,2,Four-Way Intersection,1,On Roadway,0,None,1,Daylight,10,Cloudy,0,No,0000000,Not Applicable,99,Unknown,99,Unknown,99,Unknown EMS Scene Arrival Hour,99,Unknown EMS Scene Arrival Minutes,99,Unknown,99,Unknown EMS Hospital Arrival Time,1
40,Oklahoma,400580,0,0,1,1,0,2,2,71,KAY (71),3800,PONCA CITY,1,January,3,3,2,Monday,2022,0,0:00am-0:59am,9,9,W SOUTH AVE,NA,6,Local Street - Municipality,2,Urban,4,Minor Arterial,4,City or Municipal Highway Agency,0,This section IS NOT on the NHS,0,No Special Jurisdiction,0,None,36.69519167,36.69519167,-97.08621944,-97.08621944,33,Curb,0,The First Harmful Event was Not a Collision with a Motor Vehicle in Transport,0,No,1,Non-Junction,1,Not an Intersection,4,On Roadside,0,None,3,Dark - Lighted,1,Clear,0,No,0000000,Not Applicable,99,Unknown,99,Unknown,99,Unknown EMS Scene Arrival Hour,99,Unknown EMS Scene Arrival Minutes,99,Unknown,99,Unknown EMS Hospital Arrival Time,1
40,Oklahoma,400581,1,1,1,1,0,1,1,143,TULSA (143),590,BROKEN ARROW,2,February,3,3,5,Thursday,2022,17,5:00pm-5:59pm,21,21,E ALBANY ST,NA,6,Local Street - Municipality,2,Urban,7,Local,4,City or Municipal Highway Agency,0,This section IS NOT on the NHS,0,No Special Jurisdiction,0,None,36.07401389,36.07401389,-95.78773611,-95.78773611,15,Non-Motorist on Personal Conveyance,0,The First Harmful Event was Not a Collision with a Motor Vehicle in Transport,0,No,1,Non-Junction,1,Not an Intersection,1,On Roadway,0,None,1,Daylight,4,Snow,0,No,0000000,Not Applicable,99,Unknown,99,Unknown,99,Unknown EMS Scene Arrival Hour,99,Unknown EMS Scene Arrival Minutes,99,Unknown,99,Unknown EMS Hospital Arrival Time,1
40,Oklahoma,400582,0,0,1,1,0,3,3,41,DELAWARE (41),0,NOT APPLICABLE,2,February,9,9,4,Wednesday,2022,15,3:00pm-3:59pm,7,7,US-59,NA,2,US Highway,1,Rural,3,Principal Arterial - Other,1,State Highway Agency,1,This section IS ON the NHS,0,No Special Jurisdiction,90,90,36.328,36.328,-94.7814,-94.7814,42,Tree (Standing Only),0,The First Harmful Event was Not a Collision with a Motor Vehicle in Transport,0,No,1,Non-Junction,1,Not an Intersection,4,On Roadside,0,None,1,Daylight,1,Clear,0,No,0000000,Not Applicable,99,Unknown,99,Unknown,99,Unknown EMS Scene Arrival Hour,99,Unknown EMS Scene Arrival Minutes,99,Unknown,99,Unknown EMS Hospital Arrival Time,1
40,Oklahoma,400583,3,3,2,2,0,2,2,119,PAYNE (119),0,NOT APPLICABLE,2,February,16,16,4,Wednesday,2022,18,6:00pm-6:59pm,32,32,CR-FAIRGROUNDS RD,NA,4,County Road,2,Urban,7,Local,2,County Highway Agency,0,This section IS NOT on the NHS,0,No Special Jurisdiction,0,None,36.1345,36.1345,-96.9974,-96.9974,12,Motor Vehicle In-Transport,6,Angle,0,No,1,Non-Junction,1,Not an Intersection,1,On Roadway,0,None,5,Dusk,1,Clear,0,No,0000000,Not Applicable,99,Unknown,99,Unknown,99,Unknown EMS Scene Arrival Hour,99,Unknown EMS Scene Arrival Minutes,99,Unknown,99,Unknown EMS Hospital Arrival Time,1
40,Oklahoma,400584,0,0,2,2,0,2,2,111,OKMULGEE (111),0,NOT APPLICABLE,3,March,15,15,3,Tuesday,2022,13,1:00pm-1:59pm,12,12,US-75,CR-FERGUSON,2,US Highway,1,Rural,3,Principal Arterial - Other,1,State Highway Agency,1,This section IS ON the NHS,0,No Special Jurisdiction,149,149,35.8134,35.8134,-96.0151,-96.0151,12,Motor Vehicle In-Transport,6,Angle,0,No,2,Intersection,2,Four-Way Intersection,1,On Roadway,0,None,1,Daylight,1,Clear,0,No,0000000,Not Applicable,99,Unknown,99,Unknown,99,Unknown EMS Scene Arrival Hour,99,Unknown EMS Scene Arrival Minutes,99,Unknown,99,Unknown EMS Hospital Arrival Time,1
40,Oklahoma,400585,0,0,2,2,0,3,3,109,OKLAHOMA (109),3550,OKLAHOMA CITY,4,April,1,1,6,Friday,2022,14,2:00pm-2:59pm,54,54,SR-66 NW 39TH ST,N GERALDINE ST,3,State Highway,2,Urban,3,Principal Arterial - Other,1,State Highway Agency,0,This section IS NOT on the NHS,0,No Special Jurisdiction,0,None,35.5112,35.5112,-97.5969,-97.5969,12,Motor Vehicle In-Transport,6,Angle,0,No,2,Intersection,3,T-Intersection,1,On Roadway,0,None,1,Daylight,10,Cloudy,0,No,0000000,Not Applicable,99,Unknown,99,Unknown,99,Unknown EMS Scene Arrival Hour,99,Unknown EMS Scene Arrival Minutes,99,Unknown,99,Unknown EMS Hospital Arrival Time,1
40,Oklahoma,400586,0,0,2,2,0,2,2,109,OKLAHOMA (109),3550,OKLAHOMA CITY,4,April,3,3,1,Sunday,2022,14,2:00pm-2:59pm,17,17,NE 63RD ST,NA,6,Local Street - Municipality,2,Urban,4,Minor Arterial,4,City or Municipal Highway Agency,0,This section IS NOT on the NHS,0,No Special Jurisdiction,0,None,35.53669722,35.53669722,-97.38371667,-97.38371667,12,Motor Vehicle In-Transport,2,Front-to-Front,0,No,1,Non-Junction,1,Not an Intersection,1,On Roadway,0,None,1,Daylight,1,Clear,0,No,0000000,Not Applicable,99,Unknown,99,Unknown,99,Unknown EMS Scene Arrival Hour,99,Unknown EMS Scene Arrival Minutes,99,Unknown,99,Unknown EMS Hospital Arrival Time,1
40,Oklahoma,400587,0,0,2,2,0,2,2,109,OKLAHOMA (109),3550,OKLAHOMA CITY,4,April,30,30,7,Saturday,2022,9,9:00am-9:59am,22,22,SW 2ND ST,COUNCIL RD,6,Local Street - Municipality,2,Urban,7,Local,4,City or Municipal Highway Agency,0,This section IS NOT on the NHS,0,No Special Jurisdiction,0,None,35.4631,35.4631,-97.6542,-97.6542,12,Motor Vehicle In-Transport,6,Angle,0,No,2,Intersection,3,T-Intersection,1,On Roadway,0,None,1,Daylight,1,Clear,0,No,0000000,Not Applicable,99,Unknown,99,Unknown,99,Unknown EMS Scene Arrival Hour,99,Unknown EMS Scene Arrival Minutes,99,Unknown,99,Unknown EMS Hospital Arrival Time,1