STATE,STATENAME,ST_CASE,PEDS,PERNOTMVIT,VE_TOTAL,VE_FORMS,PVH_INVL,PERSONS,PERMVIT,COUNTY,COUNTYNAME,CITY,CITYNAME,MONTH,MONTHNAME,DAY,DAYNAME,DAY_WEEK,DAY_WEEKNAME,YEAR,HOUR,HOURNAME,MINUTE,MINUTENAME,TWAY_ID,TWAY_ID2,ROUTE,ROUTENAME,RUR_URB,RUR_URBNAME,FUNC_SYS,FUNC_SYSNAME,RD_OWNER,RD_OWNERNAME,NHS,NHSNAME,SP_JUR,SP_JURNAME,MILEPT,MILEPTNAME,LATITUDE,LATITUDENAME,LONGITUD,LONGITUDNAME,HARM_EV,HARM_EVNAME,MAN_COLL,MAN_COLLNAME,RELJCT1,RELJCT1NAME,RELJCT2,RELJCT2NAME,TYP_INT,TYP_INTNAME,REL_ROAD,REL_ROADNAME,WRK_ZONE,WRK_ZONENAME,LGT_COND,LGT_CONDNAME,WEATHER,WEATHERNAME,SCH_BUS,SCH_BUSNAME,RAIL,RAILNAME,NOT_HOUR,NOT_HOURNAME,NOT_MIN,NOT_MINNAME,ARR_HOUR,ARR_HOURNAME,ARR_MIN,ARR_MINNAME,HOSP_HR,HOSP_HRNAME,HOSP_MN,HOSP_MNNAME,FATALS
40,Oklahoma,400622,0,0,1,1,0,1,1,117,PAWNEE (117),3690,PAWNEE,6,June,4,4,7,Saturday,2022,17,5:00pm-5:59pm,7,7,SR-18,NA,3,State Highway,1,Rural,4,Minor Arterial,1,State Highway Agency,0,This section IS NOT on the NHS,0,No Special Jurisdiction,0,None,36.32673611,36.32673611,-96.78738333,-96.78738333,11,Live Animal,0,The First Harmful Event was Not a Collision with a Motor Vehicle in Transport,0,No,1,Non-Junction,1,Not an Intersection,1,On Roadway,0,None,1,Daylight,1,Clear,0,No,0000000,Not Applicable,99,Unknown,99,Unknown,99,Unknown EMS Scene Arrival Hour,99,Unknown EMS Scene Arrival Minutes,99,Unknown,99,Unknown EMS Hospital Arrival Time,1
40,Oklahoma,400623,1,1,2,2,0,2,2,35,CRAIG (35),4900,VINITA,5,May,4,4,4,Wednesday,2022,20,8:00pm-8:59pm,59,59,US-60,NA,2,US Highway,2,Urban,3,Principal Arterial - Other,1,State Highway Agency,1,This section IS ON the NHS,0,No Special Jurisdiction,0,None,36.62683611,36.62683611,-95.20425278,-95.20425278,8,Pedestrian,0,The First Harmful Event was Not a Collision with a Motor Vehicle in Transport,0,No,1,Non-Junction,1,Not an Intersection,1,On Roadway,0,None,2,Dark - Not Lighted,2,Rain,0,No,0000000,Not Applicable,99,Unknown,98,Unknown if Notified,99,Unknown EMS Scene Arrival Hour,98,Unknown if Arrived,88,Not Applicable (Not Transported),88,Not Applicable (Not Transported),1
40,Oklahoma,400624,0,0,2,2,0,2,2,41,DELAWARE (41),1990,GROVE,6,June,10,10,6,Friday,2022,19,7:00pm-7:59pm,4,4,US-59,CR-E250,2,US Highway,1,Rural,3,Principal Arterial - Other,1,State Highway Agency,1,This section IS ON the NHS,0,No Special Jurisdiction,0,None,36.65606111,36.65606111,-94.82728333,-94.82728333,12,Motor Vehicle In-Transport,6,Angle,0,No,2,Intersection,2,Four-Way Intersection,1,On Roadway,0,None,1,Daylight,1,Clear,0,No,0000000,Not Applicable,99,Unknown,99,Unknown,99,Unknown EMS Scene Arrival Hour,99,Unknown EMS Scene Arrival Minutes,99,Unknown,99,Unknown EMS Hospital Arrival Time,1
40,Oklahoma,400625,1,1,1,1,0,1,1,123,PONTOTOC (123),20,ADA,6,June,13,13,2,Monday,2022,14,2:00pm-2:59pm,49,49,LONNIE ABBOT BLVD,HOPPE BLVD,5,Local Street - Township,2,Urban,5,Major Collector,4,City or Municipal Highway Agency,0,This section IS NOT on the NHS,0,No Special Jurisdiction,0,None,34.79076944,34.79076944,-96.66038333,-96.66038333,8,Pedestrian,0,The First Harmful Event was Not a Collision with a Motor Vehicle in Transport,0,No,3,Intersection-Related,2,Four-Way Intersection,1,On Roadway,0,None,1,Daylight,1,Clear,0,No,0000000,Not Applicable,99,Unknown,99,Unknown,99,Unknown EMS Scene Arrival Hour,99,Unknown EMS Scene Arrival Minutes,99,Unknown,99,Unknown EMS Hospital Arrival Time,1
40,Oklahoma,400626,0,0,2,2,0,2,2,111,OKMULGEE (111),3560,OKMULGEE,3,March,15,15,3,Tuesday,2022,12,12:00pm-12:59pm,8,8,SR-56,CR-MCKINLEY E0950,3,State Highway,2,Urban,4,Minor Arterial,1,State Highway Agency,0,This section IS NOT on the NHS,0,No Special Jurisdiction,0,None,35.639,35.639,-95.9357,-95.9357,12,Motor Vehicle In-Transport,6,Angle,0,No,2,Intersection,2,Four-Way Intersection,1,On Roadway,0,None,1,Daylight,1,Clear,0,No,0000000,Not Applicable,99,Unknown,98,Unknown if Notified,99,Unknown EMS Scene Arrival Hour,98,Unknown if Arrived,88,Not Applicable (Not Transported),88,Not Applicable (Not Transported),1
40,Oklahoma,400627,0,0,2,2,0,3,3,95,MARSHALL (95),2970,MADILL,5,May,20,20,6,Friday,2022,16,4:00pm-4:59pm,58,58,US-70,SR-70F,2,US Highway,1,Rural,3,Principal Arterial - Other,1,State Highway Agency,1,This section IS ON the NHS,0,No Special Jurisdiction,0,None,34.06394444,34.06394444,-96.76027778,-96.76027778,12,Motor Vehicle In-Transport,6,Angle,0,No,2,Intersection,3,T-Intersection,1,On Roadway,0,None,1,Daylight,1,Clear,0,No,0000000,Not Applicable,99,Unknown,99,Unknown,99,Unknown EMS Scene Arrival Hour,99,Unknown EMS Scene Arrival Minutes,99,Unknown,99,Unknown EMS Hospital Arrival Time,1
40,Oklahoma,400628,0,0,1,1,0,1,1,19,CARTER (19),2858,LONE GROVE,7,July,28,28,5,Thursday,2022,20,8:00pm-8:59pm,48,48,CR-PRAIRIE VALLEY,NA,4,County Road,1,Rural,7,Local,2,County Highway Agency,0,This section IS NOT on the NHS,0,No Special Jurisdiction,0,None,34.20198056,34.20198056,-97.223875,-97.223875,42,Tree (Standing Only),0,The First Harmful Event was Not a Collision with a Motor Vehicle in Transport,0,No,1,Non-Junction,1,Not an Intersection,4,On Roadside,0,None,5,Dusk,1,Clear,0,No,0000000,Not Applicable,99,Unknown,99,Unknown,99,Unknown EMS Scene Arrival Hour,99,Unknown EMS Scene Arrival Minutes,99,Unknown,99,Unknown EMS Hospital Arrival Time,1
40,Oklahoma,400629,0,1,2,1,1,2,1,35,CRAIG (35),4900,VINITA,9,September,8,8,5,Thursday,2022,6,6:00am-6:59am,33,33,US-60,CR-S4385,2,US Highway,2,Urban,3,Principal Arterial - Other,1,State Highway Agency,1,This section IS ON the NHS,0,No Special Jurisdiction,0,None,36.62685278,36.62685278,-95.18858056,-95.18858056,45,Working Motor Vehicle,0,The First Harmful Event was Not a Collision with a Motor Vehicle in Transport,0,No,2,Intersection,2,Four-Way Intersection,1,On Roadway,0,None,4,Dawn,1,Clear,0,No,0000000,Not Applicable,99,Unknown,98,Unknown if Notified,99,Unknown EMS Scene Arrival Hour,98,Unknown if Arrived,88,Not Applicable (Not Transported),88,Not Applicable (Not Transported),1
40,Oklahoma,400630,0,0,2,2,0,2,2,87,MCCLAIN (87),440,BLANCHARD,9,September,10,10,7,Saturday,2022,9,9:00am-9:59am,36,36,US-62,NA,2,US Highway,1,Rural,4,Minor Arterial,1,State Highway Agency,0,This section IS NOT on the NHS,0,No Special Jurisdiction,0,None,35.13723056,35.13723056,-97.66320556,-97.66320556,12,Motor Vehicle In-Transport,6,Angle,0,No,1,Non-Junction,1,Not an Intersection,1,On Roadway,0,None,1,Daylight,1,Clear,0,No,0000000,Not Applicable,99,Unknown,99,Unknown,99,Unknown EMS Scene Arrival Hour,99,Unknown EMS Scene Arrival Minutes,99,Unknown,99,Unknown EMS Hospital Arrival Time,1
40,Oklahoma,400631,1,1,1,1,0,1,1,89,MCCURTAIN (89),600,BROKEN BOW,10,October,13,13,5,Thursday,2022,19,7:00pm-7:59pm,59,59,US-70 US-259 S PARK DR,NA,2,US Highway,1,Rural,3,Principal Arterial - Other,1,State Highway Agency,1,This section IS ON the NHS,0,No Special Jurisdiction,0,None,34.00874722,34.00874722,-94.7395,-94.7395,8,Pedestrian,0,The First Harmful Event was Not a Collision with a Motor Vehicle in Transport,0,No,1,Non-Junction,1,Not an Intersection,1,On Roadway,0,None,2,Dark - Not Lighted,1,Clear,0,No,0000000,Not Applicable,99,Unknown,98,Unknown if Notified,99,Unknown EMS Scene Arrival Hour,98,Unknown if Arrived,88,Not Applicable (Not Transported),88,Not Applicable (Not Transported),1
40,Oklahoma,400632,0,0,1,1,0,2,2,91,MCINTOSH (91),920,CHECOTAH,7,July,5,5,3,Tuesday,2022,14,2:00pm-2:59pm,20,20,US-69,NA,2,US Highway,1,Rural,3,Principal Arterial - Other,1,State Highway Agency,1,This section IS ON the NHS,0,No Special Jurisdiction,0,None,35.36033889,35.36033889,-95.574700000000007,-95.574700000000007,57,Cable Barrier,0,The First Harmful Event was Not a Collision with a Motor Vehicle in Transport,0,No,1,Non-Junction,1,Not an Intersection,3,On Median,0,None,1,Daylight,1,Clear,0,No,0000000,Not Applicable,99,Unknown,99,Unknown,99,Unknown EMS Scene Arrival Hour,99,Unknown EMS Scene Arrival Minutes,99,Unknown,99,Unknown EMS Hospital Arrival Time,1
40,Oklahoma,400633,0,0,2,2,0,2,2,143,TULSA (143),2440,JENKS,11,November,12,12,7,Saturday,2022,16,4:00pm-4:59pm,49,49,ELWOOD AVE,NA,6,Local Street - Municipality,2,Urban,4,Minor Arterial,4,City or Municipal Highway Agency,0,This section IS NOT on the NHS,0,No Special Jurisdiction,0,None,36.01833889,36.01833889,-95.99385556,-95.99385556,12,Motor Vehicle In-Transport,2,Front-to-Front,0,No,1,Non-Junction,1,Not an Intersection,1,On Roadway,0,None,5,Dusk,1,Clear,0,No,0000000,Not Applicable,99,Unknown,99,Unknown,99,Unknown EMS Scene Arrival Hour,99,Unknown EMS Scene Arrival Minutes,99,Unknown,99,Unknown EMS Hospital Arrival Time,1
40,Oklahoma,400634,0,0,1,1,0,2,2,145,WAGONER (145),4910,WAGONER,7,July,22,22,6,Friday,2022,10,10:00am-10:59am,30,30,S CASAVER AVE,CHURCH ST,6,Local Street - Municipality,2,Urban,7,Local,4,City or Municipal Highway Agency,0,This section IS NOT on the NHS,0,No Special Jurisdiction,0,None,35.95786389,35.95786389,-95.376147219999993,-95.376147219999993,42,Tree (Standing Only),0,The First Harmful Event was Not a Collision with a Motor Vehicle in Transport,0,No,3,Intersection-Related,3,T-Intersection,5,Outside Trafficway,0,None,1,Daylight,1,Clear,0,No,0000000,Not Applicable,99,Unknown,99,Unknown,99,Unknown EMS Scene Arrival Hour,99,Unknown EMS Scene Arrival Minutes,99,Unknown,99,Unknown EMS Hospital Arrival Time,1
40,Oklahoma,400635,0,0,1,1,0,1,1,131,ROGERS (131),3590,OOLOGAH,8,August,11,11,5,Thursday,2022,19,7:00pm-7:59pm,44,44,SR-88,MUSTANG LANE,3,State Highway,1,Rural,5,Major Collector,1,State Highway Agency,0,This section IS NOT on the NHS,0,No Special Jurisdiction,0,None,36.43785278,36.43785278,-95.70607222,-95.70607222,1,Rollover/Overturn,0,The First Harmful Event was Not a Collision with a Motor Vehicle in Transport,0,No,3,Intersection-Related,3,T-Intersection,1,On Roadway,0,None,1,Daylight,1,Clear,0,No,0000000,Not Applicable,99,Unknown,99,Unknown,99,Unknown EMS Scene Arrival Hour,99,Unknown EMS Scene Arrival Minutes,99,Unknown,99,Unknown EMS Hospital Arrival Time,1
40,Oklahoma,400636,0,0,1,1,0,1,1,109,OKLAHOMA (109),4406,SPENCER,9,September,5,5,2,Monday,2022,23,11:00pm-11:59pm,4,4,NE 36TH ST,N DOUGLAS BLVD,6,Local Street - Municipality,2,Urban,4,Minor Arterial,4,City or Municipal Highway Agency,0,This section IS NOT on the NHS,0,No Special Jurisdiction,0,None,35.50767778,35.50767778,-97.37075278,-97.37075278,33,Curb,0,The First Harmful Event was Not a Collision with a Motor Vehicle in Transport,0,No,3,Intersection-Related,2,Four-Way Intersection,4,On Roadside,0,None,3,Dark - Lighted,1,Clear,0,No,0000000,Not Applicable,99,Unknown,98,Unknown if Notified,99,Unknown EMS Scene Arrival Hour,98,Unknown if Arrived,88,Not Applicable (Not Transported),88,Not Applicable (Not Transported),1
40,Oklahoma,400637,0,0,2,2,0,3,3,145,WAGONER (145),4910,WAGONER,9,September,14,14,4,Wednesday,2022,16,4:00pm-4:59pm,57,57,SW 15TH ST,POLK ST,6,Local Street - Municipality,2,Urban,4,Minor Arterial,4,City or Municipal Highway Agency,0,This section IS NOT on the NHS,0,No Special Jurisdiction,0,None,35.94430833,35.94430833,-95.38381667,-95.38381667,12,Motor Vehicle In-Transport,6,Angle,0,No,2,Intersection,3,T-Intersection,1,On Roadway,0,None,1,Daylight,1,Clear,0,No,0000000,Not Applicable,99,Unknown,98,Unknown if Notified,99,Unknown EMS Scene Arrival Hour,98,Unknown if Arrived,88,Not Applicable (Not Transported),88,Not Applicable (Not Transported),1
40,Oklahoma,400638,0,0,2,2,0,3,3,41,DELAWARE (41),5138,WEST SILOAM SPRINGS,11,November,21,21,2,Monday,2022,18,6:00pm-6:59pm,1,1,US-412,TILLERY LN,2,US Highway,1,Rural,3,Principal Arterial - Other,1,State Highway Agency,1,This section IS ON the NHS,0,No Special Jurisdiction,0,None,36.17640278,36.17640278,-94.57238889,-94.57238889,12,Motor Vehicle In-Transport,1,Front-to-Rear,0,No,3,Intersection-Related,3,T-Intersection,1,On Roadway,0,None,3,Dark - Lighted,1,Clear,0,No,0000000,Not Applicable,99,Unknown,99,Unknown,99,Unknown EMS Scene Arrival Hour,99,Unknown EMS Scene Arrival Minutes,99,Unknown,99,Unknown EMS Hospital Arrival Time,2
40,Oklahoma,400639,0,0,2,2,0,3,3,13,BRYAN (13),1430,DURANT,12,December,2,2,6,Friday,2022,22,10:00pm-10:59pm,36,36,US-69 S 9TH AVE,NA,2,US Highway,2,Urban,3,Principal Arterial - Other,1,State Highway Agency,1,This section IS ON the NHS,0,No Special Jurisdiction,0,None,33.95774167,33.95774167,-96.40275278,-96.40275278,12,Motor Vehicle In-Transport,2,Front-to-Front,0,No,1,Non-Junction,1,Not an Intersection,1,On Roadway,0,None,2,Dark - Not Lighted,10,Cloudy,0,No,0000000,Not Applicable,99,Unknown,99,Unknown,99,Unknown EMS Scene Arrival Hour,99,Unknown EMS Scene Arrival Minutes,99,Unknown,99,Unknown EMS Hospital Arrival Time,1
40,Oklahoma,400640,0,0,2,2,0,4,4,27,CLEVELAND (27),3430,NORMAN,12,December,10,10,7,Saturday,2022,18,6:00pm-6:59pm,26,26,SR-9,72ND AVE SE,3,State Highway,2,Urban,3,Principal Arterial - Other,1,State Highway Agency,1,This section IS ON the NHS,0,No Special Jurisdiction,0,None,35.18920833,35.18920833,-97.33541667,-97.33541667,12,Motor Vehicle In-Transport,2,Front-to-Front,0,No,2,Intersection,2,Four-Way Intersection,1,On Roadway,0,None,2,Dark - Not Lighted,10,Cloudy,0,No,0000000,Not Applicable,99,Unknown,99,Unknown,99,Unknown EMS Scene Arrival Hour,99,Unknown EMS Scene Arrival Minutes,99,Unknown,99,Unknown EMS Hospital Arrival Time,1
40,Oklahoma,400641,0,0,2,2,0,3,3,31,COMANCHE (31),2750,LAWTON,12,December,14,14,4,Wednesday,2022,18,6:00pm-6:59pm,47,47,NW CACHE RD,NA,6,Local Street - Municipality,2,Urban,3,Principal Arterial - Other,4,City or Municipal Highway Agency,0,This section IS NOT on the NHS,0,No Special Jurisdiction,0,None,34.62340278,34.62340278,-98.46849167,-98.46849167,12,Motor Vehicle In-Transport,1,Front-to-Rear,0,No,1,Non-Junction,1,Not an Intersection,1,On Roadway,0,None,3,Dark - Lighted,1,Clear,0,No,0000000,Not Applicable,99,Unknown,98,Unknown if Notified,99,Unknown EMS Scene Arrival Hour,98,Unknown if Arrived,88,Not Applicable (Not Transported),88,Not Applicable (Not Transported),1
40,Oklahoma,400642,0,0,4,4,0,5,5,125,POTTAWATOMIE (125),4650,TECUMSEH,11,November,15,15,3,Tuesday,2022,8,8:00am-8:59am,37,37,US-177 US-270,BENSON PARK,2,US Highway,2,Urban,2,Principal Arterial - Other Freeways and Expressways,1,State Highway Agency,1,This section IS ON the NHS,0,No Special Jurisdiction,0,None,35.2892,35.2892,-96.94180556,-96.94180556,12,Motor Vehicle In-Transport,1,Front-to-Rear,0,No,3,Intersection-Related,2,Four-Way Intersection,1,On Roadway,0,None,1,Daylight,1,Clear,0,No,0000000,Not Applicable,99,Unknown,99,Unknown,99,Unknown EMS Scene Arrival Hour,99,Unknown EMS Scene Arrival Minutes,99,Unknown,99,Unknown EMS Hospital Arrival Time,1
40,Oklahoma,400643,0,0,1,1,0,1,1,125,POTTAWATOMIE (125),4300,SHAWNEE,2,February,2,2,4,Wednesday,2022,22,10:00pm-10:59pm,7,7,US-177 US-270,NA,2,US Highway,2,Urban,2,Principal Arterial - Other Freeways and Expressways,1,State Highway Agency,1,This section IS ON the NHS,0,No Special Jurisdiction,0,None,35.34304722,35.34304722,-96.94508333,-96.94508333,2,Fire/Explosion,0,The First Harmful Event was Not a Collision with a Motor Vehicle in Transport,0,No,1,Non-Junction,1,Not an Intersection,2,On Shoulder,0,None,6,Dark - Unknown Lighting,11,Blowing Snow,0,No,0000000,Not Applicable,99,Unknown,98,Unknown if Notified,99,Unknown EMS Scene Arrival Hour,98,Unknown if Arrived,88,Not Applicable (Not Transported),88,Not Applicable (Not Transported),1
40,Oklahoma,400644,0,0,2,2,0,3,3,103,NOBLE (103),3740,PERRY,3,March,18,18,6,Friday,2022,15,3:00pm-3:59pm,36,36,N 14TH ST,LOCUST ST,6,Local Street - Municipality,2,Urban,7,Local,4,City or Municipal Highway Agency,0,This section IS NOT on the NHS,0,No Special Jurisdiction,0,None,36.29685556,36.29685556,-97.29918333,-97.29918333,12,Motor Vehicle In-Transport,6,Angle,0,No,2,Intersection,2,Four-Way Intersection,1,On Roadway,0,None,1,Daylight,98,Not Reported,0,No,0000000,Not Applicable,99,Unknown,99,Unknown,99,Unknown EMS Scene Arrival Hour,99,Unknown EMS Scene Arrival Minutes,99,Unknown,99,Unknown EMS Hospital Arrival Time,1
40,Oklahoma,400645,0,0,1,1,0,1,1,15,CADDO (15),0,NOT APPLICABLE,11,November,19,19,7,Saturday,2022,19,7:00pm-7:59pm,0,0,CR-1200,NA,4,County Road,1,Rural,7,Local,2,County Highway Agency,0,This section IS NOT on the NHS,0,No Special Jurisdiction,0,None,35.27614722,35.27614722,-98.23883889,-98.23883889,58,Ground,0,The First Harmful Event was Not a Collision with a Motor Vehicle in Transport,0,No,1,Non-Junction,1,Not an Intersection,4,On Roadside,0,None,6,Dark - Unknown Lighting,98,Not Reported,0,No,0000000,Not Applicable,99,Unknown,98,Unknown if Notified,99,Unknown EMS Scene Arrival Hour,98,Unknown if Arrived,88,Not Applicable (Not Transported),88,Not Applicable (Not Transported),1
40,Oklahoma,400646,0,0,1,1,0,1,1,79,LE FLORE (79),3840,POTEAU,9,September,10,10,7,Saturday,2022,6,6:00am-6:59am,37,37,N WITTE ST,NA,6,Local Street - Municipality,2,Urban,4,Minor Arterial,4,City or Municipal Highway Agency,0,This section IS NOT on the NHS,0,No Special Jurisdiction,0,None,35.061425,35.061425,-94.60023333,-94.60023333,32,Culvert,0,The First Harmful Event was Not a Collision with a Motor Vehicle in Transport,0,No,1,Non-Junction,1,Not an Intersection,4,On Roadside,0,None,2,Dark - Not Lighted,1,Clear,0,No,0000000,Not Applicable,99,Unknown,98,Unknown if Notified,99,Unknown EMS Scene Arrival Hour,98,Unknown if Arrived,88,Not Applicable (Not Transported),88,Not Applicable (Not Transported),1
40,Oklahoma,400647,1,1,1,1,0,0,0,81,LINCOLN (81),0,NOT APPLICABLE,4,April,2,2,7,Saturday,2022,21,9:00pm-9:59pm,28,28,SR-18,NA,3,State Highway,1,Rural,5,Major Collector,1,State Highway Agency,0,This section IS NOT on the NHS,0,No Special Jurisdiction,41,41,35.5616,35.5616,-96.8879,-96.8879,8,Pedestrian,0,The First Harmful Event was Not a Collision with a Motor Vehicle in Transport,0,No,1,Non-Junction,1,Not an Intersection,1,On Roadway,0,None,2,Dark - Not Lighted,1,Clear,0,No,0000000,Not Applicable,99,Unknown,99,Unknown,99,Unknown EMS Scene Arrival Hour,99,Unknown EMS Scene Arrival Minutes,99,Unknown,99,Unknown EMS Hospital Arrival Time,1
40,Oklahoma,400648,0,0,3,3,0,3,3,27,CLEVELAND (27),3430,NORMAN,12,December,17,17,7,Saturday,2022,10,10:00am-10:59am,27,27,US-77 N FLOOD AVE,NA,2,US Highway,2,Urban,3,Principal Arterial - Other,1,State Highway Agency,0,This section IS NOT on the NHS,0,No Special Jurisdiction,0,None,35.266625,35.266625,-97.47818889,-97.47818889,12,Motor Vehicle In-Transport,6,Angle,0,No,1,Non-Junction,1,Not an Intersection,1,On Roadway,0,None,1,Daylight,1,Clear,0,No,0000000,Not Applicable,99,Unknown,99,Unknown,99,Unknown EMS Scene Arrival Hour,99,Unknown EMS Scene Arrival Minutes,99,Unknown,99,Unknown EMS Hospital Arrival Time,1
40,Oklahoma,400649,0,0,1,1,0,2,2,63,HUGHES (63),5150,WETUMKA,11,November,27,27,1,Sunday,2022,99,Unknown Hours,99,Unknown Minutes,WEWOKA ST,NA,6,Local Street - Municipality,1,Rural,7,Local,4,City or Municipal Highway Agency,0,This section IS NOT on the NHS,0,No Special Jurisdiction,99998,Not Reported,77.7777,77.7777,777.7777,777.7777,99,Reported as Unknown,0,The First Harmful Event was Not a Collision with a Motor Vehicle in Transport,0,No,98,Not Reported,98,Not Reported,98,Not Reported,0,None,8,Not Reported,98,Not Reported,0,No,9999999,Unknown,99,Unknown,98,Unknown if Notified,99,Unknown EMS Scene Arrival Hour,98,Unknown if Arrived,88,Not Applicable (Not Transported),88,Not Applicable (Not Transported),2
40,Oklahoma,400650,0,0,1,1,0,1,1,109,OKLAHOMA (109),3170,MIDWEST CITY,8,August,22,22,2,Monday,2022,99,Unknown Hours,99,Unknown Minutes,NE 10TH ST,NA,6,Local Street - Municipality,2,Urban,4,Minor Arterial,4,City or Municipal Highway Agency,0,This section IS NOT on the NHS,0,No Special Jurisdiction,99998,Not Reported,77.7777,77.7777,777.7777,777.7777,99,Reported as Unknown,0,The First Harmful Event was Not a Collision with a Motor Vehicle in Transport,0,No,98,Not Reported,98,Not Reported,98,Not Reported,0,None,8,Not Reported,98,Not Reported,0,No,0000000,Not Applicable,99,Unknown,98,Unknown if Notified,99,Unknown EMS Scene Arrival Hour,98,Unknown if Arrived,99,Unknown,98,Unknown if Transported,1
40,Oklahoma,400651,0,0,1,1,0,1,1,115,OTTAWA (115),0,NOT APPLICABLE,4,April,2,2,7,Saturday,2022,99,Unknown Hours,99,Unknown Minutes,CR-E 60 RD,NA,4,County Road,2,Urban,7,Local,2,County Highway Agency,0,This section IS NOT on the NHS,0,No Special Jurisdiction,99998,Not Reported,36.9291,36.9291,-94.84955,-94.84955,99,Reported as Unknown,0,The First Harmful Event was Not a Collision with a Motor Vehicle in Transport,0,No,1,Non-Junction,1,Not an Intersection,98,Not Reported,0,None,8,Not Reported,98,Not Reported,0,No,0000000,Not Applicable,99,Unknown,98,Unknown if Notified,99,Unknown EMS Scene Arrival Hour,98,Unknown if Arrived,88,Not Applicable (Not Transported),88,Not Applicable (Not Transported),1
40,Oklahoma,400652,0,0,1,1,0,2,2,131,ROGERS (131),990,CLAREMORE,6,June,19,19,1,Sunday,2022,99,Unknown Hours,99,Unknown Minutes,BLUE STARR DR,SR-88,6,Local Street - Municipality,2,Urban,4,Minor Arterial,4,City or Municipal Highway Agency,0,This section IS NOT on the NHS,0,No Special Jurisdiction,99998,Not Reported,36.32188611,36.32188611,-95.63271111,-95.63271111,99,Reported as Unknown,0,The First Harmful Event was Not a Collision with a Motor Vehicle in Transport,0,No,98,Not Reported,98,Not Reported,98,Not Reported,0,None,8,Not Reported,98,Not Reported,0,No,0000000,Not Applicable,99,Unknown,98,Unknown if Notified,99,Unknown EMS Scene Arrival Hour,98,Unknown if Arrived,99,Unknown,98,Unknown if Transported,1
40,Oklahoma,400653,0,0,1,1,0,1,1,65,JACKSON (65),0,NOT APPLICABLE,1,January,31,31,2,Monday,2022,99,Unknown Hours,99,Unknown Minutes,US-62,NA,2,US Highway,1,Rural,3,Principal Arterial - Other,1,State Highway Agency,1,This section IS ON the NHS,0,No Special Jurisdiction,99998,Not Reported,77.7777,77.7777,777.7777,777.7777,99,Reported as Unknown,0,The First Harmful Event was Not a Collision with a Motor Vehicle in Transport,0,No,1,Non-Junction,1,Not an Intersection,1,On Roadway,0,None,1,Daylight,98,Not Reported,0,No,0000000,Not Applicable,99,Unknown,98,Unknown if Notified,99,Unknown EMS Scene Arrival Hour,98,Unknown if Arrived,88,Not Applicable (Not Transported),88,Not Applicable (Not Transported),1
40,Oklahoma,400654,0,0,1,1,0,1,1,109,OKLAHOMA (109),4406,SPENCER,12,December,28,28,4,Wednesday,2022,99,Unknown Hours,99,Unknown Minutes,N MIDWEST BLVD,NA,6,Local Street - Municipality,2,Urban,4,Minor Arterial,4,City or Municipal Highway Agency,0,This section IS NOT on the NHS,0,No Special Jurisdiction,99998,Not Reported,35.516175,35.516175,-97.38848056,-97.38848056,99,Reported as Unknown,0,The First Harmful Event was Not a Collision with a Motor Vehicle in Transport,0,No,1,Non-Junction,1,Not an Intersection,98,Not Reported,0,None,8,Not Reported,98,Not Reported,0,No,0000000,Not Applicable,99,Unknown,98,Unknown if Notified,99,Unknown EMS Scene Arrival Hour,98,Unknown if Arrived,99,Unknown,98,Unknown if Transported,1
40,Oklahoma,400655,0,0,1,1,0,1,1,19,CARTER (19),210,ARDMORE,12,December,30,30,6,Friday,2022,99,Unknown Hours,99,Unknown Minutes,6TH NW,B ST NW,6,Local Street - Municipality,2,Urban,7,Local,4,City or Municipal Highway Agency,0,This section IS NOT on the NHS,0,No Special Jurisdiction,99998,Not Reported,34.17961944,34.17961944,-97.12884444,-97.12884444,99,Reported as Unknown,0,The First Harmful Event was Not a Collision with a Motor Vehicle in Transport,0,No,98,Not Reported,98,Not Reported,98,Not Reported,0,None,8,Not Reported,98,Not Reported,0,No,0000000,Not Applicable,99,Unknown,98,Unknown if Notified,99,Unknown EMS Scene Arrival Hour,98,Unknown if Arrived,99,Unknown,98,Unknown if Transported,1